{
    "loss": 0.6041098237037659,
    "accuracy": 0.9482758641242981
}