{
    "loss": 1.3373967409133911,
    "accuracy": 0.931034505367279
}